metric,reported,recomputed,diff,status
overall_accuracy_qwen/qwen3.8-27b,12.93,12.93,0.0,MATCH
overall_accuracy_allam-2-7b,1.33,1.33,0.0,MATCH
condition_allam-2-7b_A_EN,2.67,2.67,0.0,MATCH
condition_allam-2-7b_B_NATIVE,0.67,0.67,0.0,MATCH
condition_allam-2-7b_C_ROMAN,0.67,0.67,0.0,MATCH
condition_allam-2-7b_D_CS,1.67,1.67,0.0,MATCH
condition_allam-2-7b_E_MIXED_SCRIPT,1.0,1.0,0.0,MATCH
condition_qwen/qwen3.8-27b_A_EN,22.0,22.0,0.0,MATCH
condition_qwen/qwen3.8-27b_B_NATIVE,9.33,9.33,0.0,MATCH
condition_qwen/qwen3.8-27b_C_ROMAN,11.0,11.0,0.0,MATCH
condition_qwen/qwen3.8-27b_D_CS,14.33,14.33,0.0,MATCH
condition_qwen/qwen3.8-27b_E_MIXED_SCRIPT,8.0,8.0,0.0,MATCH
partition_allam-2-7b_TEST-ID,0.0,0.0,0.0,MATCH
partition_allam-2-7b_TEST-OOD,4.0,4.0,0.0,MATCH
partition_qwen/qwen3.8-27b_TEST-ID,0.2,0.2,0.0,MATCH
partition_qwen/qwen3.8-27b_TEST-OOD,38.4,38.4,0.0,MATCH
language_allam-2-7b_bn,1.33,1.33,0.0,MATCH
language_allam-2-7b_hi,0.67,0.67,0.0,MATCH
language_allam-2-7b_kn,1.67,1.67,0.0,MATCH
language_allam-2-7b_ta,1.0,1.0,0.0,MATCH
language_allam-2-7b_te,2.0,2.0,0.0,MATCH
language_qwen/qwen3.8-27b_bn,12.0,12.0,0.0,MATCH
language_qwen/qwen3.8-27b_hi,14.0,14.0,0.0,MATCH
language_qwen/qwen3.8-27b_kn,12.33,12.33,0.0,MATCH
language_qwen/qwen3.8-27b_ta,11.33,11.33,0.0,MATCH
language_qwen/qwen3.8-27b_te,15.0,15.0,0.0,MATCH
