prompt_id,proposition_id,condition,language,target_entity,template_family_id,difficulty_level,reference_answer,evidence_snippet,prompt_text,evidence_source_type,is_authentic
AUTH-021_A_EN_hi,AUTH-021,A_EN,hi,District Consumer Commission Pecuniary Jurisdiction,TF-12,4,Up to 50 lakh rupees under Consumer Protection (Jurisdiction) Rules 2021.,"In December 2021, Central Government notified revised pecuniary limits: District Commission up to Rs 50 lakh, State Commission Rs 50 lakh to Rs 2 crore, National Commission above Rs 2 crore.","Under the Consumer Protection Act 2019 regulations, what is the maximum pecuniary jurisdiction threshold for the District Consumer Disputes Redressal Commission?",statutory_act,True
AUTH-021_B_NATIVE_hi,AUTH-021,B_NATIVE,hi,District Consumer Commission Pecuniary Jurisdiction,TF-12,4,Up to 50 lakh rupees under Consumer Protection (Jurisdiction) Rules 2021.,"In December 2021, Central Government notified revised pecuniary limits: District Commission up to Rs 50 lakh, State Commission Rs 50 lakh to Rs 2 crore, National Commission above Rs 2 crore.","उपभोक्ता संरक्षण अधिनियम 2019 के नियमों के अनुसार, जिला उपभोक्ता विवाद निवारण आयोग के लिए अधिकतम वित्तीय क्षेत्राधिकार सीमा क्या है?",statutory_act,True
AUTH-021_C_ROMAN_hi,AUTH-021,C_ROMAN,hi,District Consumer Commission Pecuniary Jurisdiction,TF-12,4,Up to 50 lakh rupees under Consumer Protection (Jurisdiction) Rules 2021.,"In December 2021, Central Government notified revised pecuniary limits: District Commission up to Rs 50 lakh, State Commission Rs 50 lakh to Rs 2 crore, National Commission above Rs 2 crore.","Upbhokta sanrakshan adhiniyam 2019 ke niyamon ke anusaar, zila upbhokta vivad nivaran aayog ke liye adhiktam vittiya kshetrajikar seema kya hai?",statutory_act,True
AUTH-021_D_CS_hi,AUTH-021,D_CS,hi,District Consumer Commission Pecuniary Jurisdiction,TF-12,4,Up to 50 lakh rupees under Consumer Protection (Jurisdiction) Rules 2021.,"In December 2021, Central Government notified revised pecuniary limits: District Commission up to Rs 50 lakh, State Commission Rs 50 lakh to Rs 2 crore, National Commission above Rs 2 crore.","Consumer Protection Act 2019 rules ke mutabiq, District Consumer Commission ke liye maximum pecuniary jurisdiction threshold kya hai?",statutory_act,True
AUTH-021_E_MIXED_SCRIPT_hi,AUTH-021,E_MIXED_SCRIPT,hi,District Consumer Commission Pecuniary Jurisdiction,TF-12,4,Up to 50 lakh rupees under Consumer Protection (Jurisdiction) Rules 2021.,"In December 2021, Central Government notified revised pecuniary limits: District Commission up to Rs 50 lakh, State Commission Rs 50 lakh to Rs 2 crore, National Commission above Rs 2 crore.","Consumer Protection Act 2019 rules के मुताबिक, District Consumer Commission के लिए maximum pecuniary jurisdiction threshold क्या है?",statutory_act,True
AUTH-022_A_EN_ta,AUTH-022,A_EN,ta,DPDP Act Maximum Statutory Financial Penalty,TF-12,4,Up to 250 crore rupees under the Schedule to Section 33.,"Under Section 33 read with Schedule of the DPDP Act 2023, failure to take reasonable security safeguards to prevent personal data breach attracts penalty up to Rs 250 crore.","Under the Digital Personal Data Protection Act 2023, what is the maximum statutory financial penalty for failure to prevent a personal data breach?",statutory_act,True
AUTH-022_B_NATIVE_ta,AUTH-022,B_NATIVE,ta,DPDP Act Maximum Statutory Financial Penalty,TF-12,4,Up to 250 crore rupees under the Schedule to Section 33.,"Under Section 33 read with Schedule of the DPDP Act 2023, failure to take reasonable security safeguards to prevent personal data breach attracts penalty up to Rs 250 crore.","டிஜிட்டல் தனிநபர் தரவு பாதுகாப்பு சட்டம் 2023 இன் கீழ், தனிநபர் தரவு மீறலைத் தடுக்கத் தவறியதற்காக விதிக்கப்படும் அதிகபட்ச அபராதம் என்ன?",statutory_act,True
AUTH-022_C_ROMAN_ta,AUTH-022,C_ROMAN,ta,DPDP Act Maximum Statutory Financial Penalty,TF-12,4,Up to 250 crore rupees under the Schedule to Section 33.,"Under Section 33 read with Schedule of the DPDP Act 2023, failure to take reasonable security safeguards to prevent personal data breach attracts penalty up to Rs 250 crore.","Digital thaninabar tharavu paadhukaappu sattam 2023 in keezh, tharavu meerudhalai thadukka thavariyadharkaana adhigaabatcha abaraadham enna?",statutory_act,True
AUTH-022_D_CS_ta,AUTH-022,D_CS,ta,DPDP Act Maximum Statutory Financial Penalty,TF-12,4,Up to 250 crore rupees under the Schedule to Section 33.,"Under Section 33 read with Schedule of the DPDP Act 2023, failure to take reasonable security safeguards to prevent personal data breach attracts penalty up to Rs 250 crore.","DPDP Act 2023 rules prakaram, personal data breach prevent panna thavariya data fiduciary-kku maximum penalty amount enna?",statutory_act,True
AUTH-022_E_MIXED_SCRIPT_ta,AUTH-022,E_MIXED_SCRIPT,ta,DPDP Act Maximum Statutory Financial Penalty,TF-12,4,Up to 250 crore rupees under the Schedule to Section 33.,"Under Section 33 read with Schedule of the DPDP Act 2023, failure to take reasonable security safeguards to prevent personal data breach attracts penalty up to Rs 250 crore.","DPDP Act 2023 rules ప్రకారం, personal data breach prevent பண்ண தவறிய data fiduciary-க்கு maximum penalty amount என்ன?",statutory_act,True
AUTH-023_A_EN_te,AUTH-023,A_EN,te,PMLA Section 5 Provisional Attachment Timeline,TF-12,4,180 days from the date of the order.,Section 5(1) of PMLA states that the Director or officer not below Deputy Director may provisionally attach property for a period not exceeding 180 days from the date of the order.,"Under Section 5 of the Prevention of Money Laundering Act 2002, what is the statutory validity period for a provisional attachment order of property?",statutory_act,True
AUTH-023_B_NATIVE_te,AUTH-023,B_NATIVE,te,PMLA Section 5 Provisional Attachment Timeline,TF-12,4,180 days from the date of the order.,Section 5(1) of PMLA states that the Director or officer not below Deputy Director may provisionally attach property for a period not exceeding 180 days from the date of the order.,"మనీ లాండరింగ్ నిరోధక చట్టం 2002 లోని సెక్షన్ 5 ప్రకారం, ఆస్తి యొక్క తాత్కాలిక అటాచ్మెంట్ ఉత్తర్వు గరిష్ట చెల్లుబాటు వ్యవధి ఎంత?",statutory_act,True
AUTH-023_C_ROMAN_te,AUTH-023,C_ROMAN,te,PMLA Section 5 Provisional Attachment Timeline,TF-12,4,180 days from the date of the order.,Section 5(1) of PMLA states that the Director or officer not below Deputy Director may provisionally attach property for a period not exceeding 180 days from the date of the order.,"Money laundering nirodhaka chattam 2002 loni section 5 prakaram, aasti yokka taatkalika attachment uttarvu garishtha chellubaatu vyavadhi entha?",statutory_act,True
AUTH-023_D_CS_te,AUTH-023,D_CS,te,PMLA Section 5 Provisional Attachment Timeline,TF-12,4,180 days from the date of the order.,Section 5(1) of PMLA states that the Director or officer not below Deputy Director may provisionally attach property for a period not exceeding 180 days from the date of the order.,"PMLA 2002 Section 5 prakaram, property provisional attachment order ki maximum statutory validity timeline entha untundi?",statutory_act,True
AUTH-023_E_MIXED_SCRIPT_te,AUTH-023,E_MIXED_SCRIPT,te,PMLA Section 5 Provisional Attachment Timeline,TF-12,4,180 days from the date of the order.,Section 5(1) of PMLA states that the Director or officer not below Deputy Director may provisionally attach property for a period not exceeding 180 days from the date of the order.,"PMLA 2002 Section 5 ప్రకారం, property provisional attachment order కి maximum statutory validity timeline ఎంత ఉంటుంది?",statutory_act,True
AUTH-024_A_EN_kn,AUTH-024,A_EN,kn,RERA Mandatory Project Registration Threshold,TF-12,4,Land area exceeding 500 square meters or more than 8 apartments.,Section 3(2)(a) of RERA 2016 exempts projects where area of land does not exceed 500 sq meters or apartments does not exceed eight.,"Under Section 3 of RERA 2016, what specific land area or apartment threshold makes real estate project registration mandatory?",statutory_act,True
AUTH-024_B_NATIVE_kn,AUTH-024,B_NATIVE,kn,RERA Mandatory Project Registration Threshold,TF-12,4,Land area exceeding 500 square meters or more than 8 apartments.,Section 3(2)(a) of RERA 2016 exempts projects where area of land does not exceed 500 sq meters or apartments does not exceed eight.,"ರೇರಾ 2016 ರ ಸೆಕ್ಷನ್ 3 ರ ಅಡಿಯಲ್ಲಿ, ರಿಯಲ್ ಎಸ್ಟೇಟ್ ಯೋಜನೆ ನೋಂದಣಿಯನ್ನು ಕಡ್ಡಾಯಗೊಳಿಸುವ ನಿರ್ದಿಷ್ಟ ಭೂ ವಿಸ್ತೀರ್ಣ ಅಥವಾ ಅಪಾರ್ಟ್ಮೆಂಟ್ ಮಿತಿ ಏನು?",statutory_act,True
AUTH-024_C_ROMAN_kn,AUTH-024,C_ROMAN,kn,RERA Mandatory Project Registration Threshold,TF-12,4,Land area exceeding 500 square meters or more than 8 apartments.,Section 3(2)(a) of RERA 2016 exempts projects where area of land does not exceed 500 sq meters or apartments does not exceed eight.,"RERA 2016 ra section 3 ra adiyalli, real estate yojane nondaniyannu kaddayagolisuva nirdishta bhoo vistheerna athava apartment miti enu?",statutory_act,True
AUTH-024_D_CS_kn,AUTH-024,D_CS,kn,RERA Mandatory Project Registration Threshold,TF-12,4,Land area exceeding 500 square meters or more than 8 apartments.,Section 3(2)(a) of RERA 2016 exempts projects where area of land does not exceed 500 sq meters or apartments does not exceed eight.,"RERA Act 2016 Section 3 prakara, real estate project mandatory registration kosam boundary land area mattu apartment count threshold enu?",statutory_act,True
AUTH-024_E_MIXED_SCRIPT_kn,AUTH-024,E_MIXED_SCRIPT,kn,RERA Mandatory Project Registration Threshold,TF-12,4,Land area exceeding 500 square meters or more than 8 apartments.,Section 3(2)(a) of RERA 2016 exempts projects where area of land does not exceed 500 sq meters or apartments does not exceed eight.,"RERA Act 2016 Section 3 ಪ್ರಕಾರ, real estate project mandatory registration కోసం boundary land area ಮತ್ತು apartment count threshold ಏನು?",statutory_act,True
AUTH-025_A_EN_bn,AUTH-025,A_EN,bn,MSMED Act Section 15 Delayed Payment Statutory Timeline,TF-12,4,Maximum 45 days from the day of acceptance where agreed in writing.,Section 15 stipulates that in no case the period agreed upon between the buyer and the supplier for payment shall exceed forty-five days from the day of acceptance.,"Under Section 15 of the MSMED Act 2006, what is the maximum statutory timeline for a buyer to make payment to an MSME supplier?",statutory_act,True
AUTH-025_B_NATIVE_bn,AUTH-025,B_NATIVE,bn,MSMED Act Section 15 Delayed Payment Statutory Timeline,TF-12,4,Maximum 45 days from the day of acceptance where agreed in writing.,Section 15 stipulates that in no case the period agreed upon between the buyer and the supplier for payment shall exceed forty-five days from the day of acceptance.,"এমএসএমই উন্নয়ন আইন ২০০৬ এর ১৫ ধারা অনুসারে, কোনও ক্রেতার এমএসএমই সরবরাহকারীকে মূল্য পরিশোধ করার সর্বোচ্চ সময়সীমা কত?",statutory_act,True
AUTH-025_C_ROMAN_bn,AUTH-025,C_ROMAN,bn,MSMED Act Section 15 Delayed Payment Statutory Timeline,TF-12,4,Maximum 45 days from the day of acceptance where agreed in writing.,Section 15 stipulates that in no case the period agreed upon between the buyer and the supplier for payment shall exceed forty-five days from the day of acceptance.,"MSME unnayan ain 2006 er 15 dhara anusare, kono kretar MSME sarbarahkarike mulya parishodh korar sarboccho somoyshima koto?",statutory_act,True
AUTH-025_D_CS_bn,AUTH-025,D_CS,bn,MSMED Act Section 15 Delayed Payment Statutory Timeline,TF-12,4,Maximum 45 days from the day of acceptance where agreed in writing.,Section 15 stipulates that in no case the period agreed upon between the buyer and the supplier for payment shall exceed forty-five days from the day of acceptance.,"MSMED Act 2006 Section 15 onujayi, ekjon buyer-ke MSME supplier-er bills clear korar jonno maximum statutory payment timeline koto?",statutory_act,True
AUTH-025_E_MIXED_SCRIPT_bn,AUTH-025,E_MIXED_SCRIPT,bn,MSMED Act Section 15 Delayed Payment Statutory Timeline,TF-12,4,Maximum 45 days from the day of acceptance where agreed in writing.,Section 15 stipulates that in no case the period agreed upon between the buyer and the supplier for payment shall exceed forty-five days from the day of acceptance.,"MSMED Act 2006 Section 15 অনুযায়ী, একজন buyer-কে MSME supplier-এর bills clear করার জন্য maximum statutory payment timeline কত?",statutory_act,True
AUTH-026_A_EN_hi,AUTH-026,A_EN,hi,Competition Act Deal Value Threshold for Merger Review,TF-12,4,"2,000 crore rupees where target has substantial business operations in India.","Statutory gazette text for Competition Act 2002 mandates that for Competition Act Deal Value Threshold for Merger Review, requirement is 2,000 crore rupees where target has substantial business operations in India.","Under Indian statutory regulations, what specific prerequisite condition, limit, or threshold applies to Competition Act Deal Value Threshold for Merger Review?",statutory_act,True
AUTH-026_B_NATIVE_hi,AUTH-026,B_NATIVE,hi,Competition Act Deal Value Threshold for Merger Review,TF-12,4,"2,000 crore rupees where target has substantial business operations in India.","Statutory gazette text for Competition Act 2002 mandates that for Competition Act Deal Value Threshold for Merger Review, requirement is 2,000 crore rupees where target has substantial business operations in India.","भारतीय वैधानिक नियमों के अनुसार, Competition Act Deal Value Threshold for Merger Review पर क्या विशिष्ट शर्त या सीमा लागू होती है?",statutory_act,True
AUTH-026_C_ROMAN_hi,AUTH-026,C_ROMAN,hi,Competition Act Deal Value Threshold for Merger Review,TF-12,4,"2,000 crore rupees where target has substantial business operations in India.","Statutory gazette text for Competition Act 2002 mandates that for Competition Act Deal Value Threshold for Merger Review, requirement is 2,000 crore rupees where target has substantial business operations in India.","Bharatiya vaaidhanik niyamon ke anusaar, Competition Act Deal Value Threshold for Merger Review par kya vishisht shart laagu hoti hai?",statutory_act,True
AUTH-026_D_CS_hi,AUTH-026,D_CS,hi,Competition Act Deal Value Threshold for Merger Review,TF-12,4,"2,000 crore rupees where target has substantial business operations in India.","Statutory gazette text for Competition Act 2002 mandates that for Competition Act Deal Value Threshold for Merger Review, requirement is 2,000 crore rupees where target has substantial business operations in India.","Indian statutory rules ke mutabiq, Competition Act Deal Value Threshold for Merger Review ke liye mandatory prerequisite threshold kya hai?",statutory_act,True
AUTH-026_E_MIXED_SCRIPT_hi,AUTH-026,E_MIXED_SCRIPT,hi,Competition Act Deal Value Threshold for Merger Review,TF-12,4,"2,000 crore rupees where target has substantial business operations in India.","Statutory gazette text for Competition Act 2002 mandates that for Competition Act Deal Value Threshold for Merger Review, requirement is 2,000 crore rupees where target has substantial business operations in India.","Indian statutory rules के मुताबिक, Competition Act Deal Value Threshold for Merger Review के लिए mandatory prerequisite threshold क्या है?",statutory_act,True
AUTH-027_A_EN_ta,AUTH-027,A_EN,ta,POSH Act Internal Committee Establishment Threshold,TF-12,3,10 or more employees at any workplace or administrative unit.,"Statutory gazette text for POSH Act 2013 mandates that for POSH Act Internal Committee Establishment Threshold, requirement is 10 or more employees at any workplace or administrative unit.","Under Indian statutory regulations, what specific prerequisite condition, limit, or threshold applies to POSH Act Internal Committee Establishment Threshold?",statutory_act,True
AUTH-027_B_NATIVE_ta,AUTH-027,B_NATIVE,ta,POSH Act Internal Committee Establishment Threshold,TF-12,3,10 or more employees at any workplace or administrative unit.,"Statutory gazette text for POSH Act 2013 mandates that for POSH Act Internal Committee Establishment Threshold, requirement is 10 or more employees at any workplace or administrative unit.","भारतीय वैधानिक नियमों के अनुसार, POSH Act Internal Committee Establishment Threshold पर क्या विशिष्ट शर्त या सीमा लागू होती है?",statutory_act,True
AUTH-027_C_ROMAN_ta,AUTH-027,C_ROMAN,ta,POSH Act Internal Committee Establishment Threshold,TF-12,3,10 or more employees at any workplace or administrative unit.,"Statutory gazette text for POSH Act 2013 mandates that for POSH Act Internal Committee Establishment Threshold, requirement is 10 or more employees at any workplace or administrative unit.","Bharatiya vaaidhanik niyamon ke anusaar, POSH Act Internal Committee Establishment Threshold par kya vishisht shart laagu hoti hai?",statutory_act,True
AUTH-027_D_CS_ta,AUTH-027,D_CS,ta,POSH Act Internal Committee Establishment Threshold,TF-12,3,10 or more employees at any workplace or administrative unit.,"Statutory gazette text for POSH Act 2013 mandates that for POSH Act Internal Committee Establishment Threshold, requirement is 10 or more employees at any workplace or administrative unit.","Indian statutory rules ke mutabiq, POSH Act Internal Committee Establishment Threshold ke liye mandatory prerequisite threshold kya hai?",statutory_act,True
AUTH-027_E_MIXED_SCRIPT_ta,AUTH-027,E_MIXED_SCRIPT,ta,POSH Act Internal Committee Establishment Threshold,TF-12,3,10 or more employees at any workplace or administrative unit.,"Statutory gazette text for POSH Act 2013 mandates that for POSH Act Internal Committee Establishment Threshold, requirement is 10 or more employees at any workplace or administrative unit.","Indian statutory rules के मुताबिक, POSH Act Internal Committee Establishment Threshold के लिए mandatory prerequisite threshold क्या है?",statutory_act,True
AUTH-028_A_EN_te,AUTH-028,A_EN,te,Motor Vehicles Act Section 185 Drink Driving Fine,TF-12,3,"10,000 rupees and/or imprisonment up to 6 months for first offense.","Statutory gazette text for Motor Vehicles Amendment Act 2019 mandates that for Motor Vehicles Act Section 185 Drink Driving Fine, requirement is 10,000 rupees and/or imprisonment up to 6 months for first offense.","Under Indian statutory regulations, what specific prerequisite condition, limit, or threshold applies to Motor Vehicles Act Section 185 Drink Driving Fine?",statutory_act,True
AUTH-028_B_NATIVE_te,AUTH-028,B_NATIVE,te,Motor Vehicles Act Section 185 Drink Driving Fine,TF-12,3,"10,000 rupees and/or imprisonment up to 6 months for first offense.","Statutory gazette text for Motor Vehicles Amendment Act 2019 mandates that for Motor Vehicles Act Section 185 Drink Driving Fine, requirement is 10,000 rupees and/or imprisonment up to 6 months for first offense.","భారతీయ చట్టబద్ధ నిబంధనల ప్రకారం, Motor Vehicles Act Section 185 Drink Driving Fine కి ఏ నిర్దిష్ట షరతు లేదా పరిమితి వర్తిస్తుంది?",statutory_act,True
AUTH-028_C_ROMAN_te,AUTH-028,C_ROMAN,te,Motor Vehicles Act Section 185 Drink Driving Fine,TF-12,3,"10,000 rupees and/or imprisonment up to 6 months for first offense.","Statutory gazette text for Motor Vehicles Amendment Act 2019 mandates that for Motor Vehicles Act Section 185 Drink Driving Fine, requirement is 10,000 rupees and/or imprisonment up to 6 months for first offense.","Bharathiya chattabaddha nibandhanala prakaram, Motor Vehicles Act Section 185 Drink Driving Fine ki ae nirdhishta sharathu varthisthundi?",statutory_act,True
AUTH-028_D_CS_te,AUTH-028,D_CS,te,Motor Vehicles Act Section 185 Drink Driving Fine,TF-12,3,"10,000 rupees and/or imprisonment up to 6 months for first offense.","Statutory gazette text for Motor Vehicles Amendment Act 2019 mandates that for Motor Vehicles Act Section 185 Drink Driving Fine, requirement is 10,000 rupees and/or imprisonment up to 6 months for first offense.","Indian statutory rules prakaram, Motor Vehicles Act Section 185 Drink Driving Fine kosam apply avve prerequisite limit leda threshold entha?",statutory_act,True
AUTH-028_E_MIXED_SCRIPT_te,AUTH-028,E_MIXED_SCRIPT,te,Motor Vehicles Act Section 185 Drink Driving Fine,TF-12,3,"10,000 rupees and/or imprisonment up to 6 months for first offense.","Statutory gazette text for Motor Vehicles Amendment Act 2019 mandates that for Motor Vehicles Act Section 185 Drink Driving Fine, requirement is 10,000 rupees and/or imprisonment up to 6 months for first offense.","Indian statutory rules ప్రకారం, Motor Vehicles Act Section 185 Drink Driving Fine కోసం apply అవ్వే prerequisite limit లేదా threshold ఎంత?",statutory_act,True
AUTH-029_A_EN_kn,AUTH-029,A_EN,kn,Employees Provident Fund Mandatory Applicability Threshold,TF-12,4,"Establishments employing 20 or more persons with wage threshold 15,000 rupees.","Statutory gazette text for EPF Act 1952 mandates that for Employees Provident Fund Mandatory Applicability Threshold, requirement is Establishments employing 20 or more persons with wage threshold 15,000 rupees.","Under Indian statutory regulations, what specific prerequisite condition, limit, or threshold applies to Employees Provident Fund Mandatory Applicability Threshold?",statutory_act,True
AUTH-029_B_NATIVE_kn,AUTH-029,B_NATIVE,kn,Employees Provident Fund Mandatory Applicability Threshold,TF-12,4,"Establishments employing 20 or more persons with wage threshold 15,000 rupees.","Statutory gazette text for EPF Act 1952 mandates that for Employees Provident Fund Mandatory Applicability Threshold, requirement is Establishments employing 20 or more persons with wage threshold 15,000 rupees.","भारतीय वैधानिक नियमों के अनुसार, Employees Provident Fund Mandatory Applicability Threshold पर क्या विशिष्ट शर्त या सीमा लागू होती है?",statutory_act,True
AUTH-029_C_ROMAN_kn,AUTH-029,C_ROMAN,kn,Employees Provident Fund Mandatory Applicability Threshold,TF-12,4,"Establishments employing 20 or more persons with wage threshold 15,000 rupees.","Statutory gazette text for EPF Act 1952 mandates that for Employees Provident Fund Mandatory Applicability Threshold, requirement is Establishments employing 20 or more persons with wage threshold 15,000 rupees.","Bharatiya vaaidhanik niyamon ke anusaar, Employees Provident Fund Mandatory Applicability Threshold par kya vishisht shart laagu hoti hai?",statutory_act,True
AUTH-029_D_CS_kn,AUTH-029,D_CS,kn,Employees Provident Fund Mandatory Applicability Threshold,TF-12,4,"Establishments employing 20 or more persons with wage threshold 15,000 rupees.","Statutory gazette text for EPF Act 1952 mandates that for Employees Provident Fund Mandatory Applicability Threshold, requirement is Establishments employing 20 or more persons with wage threshold 15,000 rupees.","Indian statutory rules ke mutabiq, Employees Provident Fund Mandatory Applicability Threshold ke liye mandatory prerequisite threshold kya hai?",statutory_act,True
AUTH-029_E_MIXED_SCRIPT_kn,AUTH-029,E_MIXED_SCRIPT,kn,Employees Provident Fund Mandatory Applicability Threshold,TF-12,4,"Establishments employing 20 or more persons with wage threshold 15,000 rupees.","Statutory gazette text for EPF Act 1952 mandates that for Employees Provident Fund Mandatory Applicability Threshold, requirement is Establishments employing 20 or more persons with wage threshold 15,000 rupees.","Indian statutory rules के मुताबिक, Employees Provident Fund Mandatory Applicability Threshold के लिए mandatory prerequisite threshold क्या है?",statutory_act,True
AUTH-030_A_EN_bn,AUTH-030,A_EN,bn,Maternity Benefit Paid Leave Duration Threshold,TF-12,4,26 weeks for first two children; 12 weeks for third or subsequent child.,"Statutory gazette text for Maternity Benefit Amendment Act 2017 mandates that for Maternity Benefit Paid Leave Duration Threshold, requirement is 26 weeks for first two children; 12 weeks for third or subsequent child.","Under Indian statutory regulations, what specific prerequisite condition, limit, or threshold applies to Maternity Benefit Paid Leave Duration Threshold?",statutory_act,True
AUTH-030_B_NATIVE_bn,AUTH-030,B_NATIVE,bn,Maternity Benefit Paid Leave Duration Threshold,TF-12,4,26 weeks for first two children; 12 weeks for third or subsequent child.,"Statutory gazette text for Maternity Benefit Amendment Act 2017 mandates that for Maternity Benefit Paid Leave Duration Threshold, requirement is 26 weeks for first two children; 12 weeks for third or subsequent child.","भारतीय वैधानिक नियमों के अनुसार, Maternity Benefit Paid Leave Duration Threshold पर क्या विशिष्ट शर्त या सीमा लागू होती है?",statutory_act,True
AUTH-030_C_ROMAN_bn,AUTH-030,C_ROMAN,bn,Maternity Benefit Paid Leave Duration Threshold,TF-12,4,26 weeks for first two children; 12 weeks for third or subsequent child.,"Statutory gazette text for Maternity Benefit Amendment Act 2017 mandates that for Maternity Benefit Paid Leave Duration Threshold, requirement is 26 weeks for first two children; 12 weeks for third or subsequent child.","Bharatiya vaaidhanik niyamon ke anusaar, Maternity Benefit Paid Leave Duration Threshold par kya vishisht shart laagu hoti hai?",statutory_act,True
AUTH-030_D_CS_bn,AUTH-030,D_CS,bn,Maternity Benefit Paid Leave Duration Threshold,TF-12,4,26 weeks for first two children; 12 weeks for third or subsequent child.,"Statutory gazette text for Maternity Benefit Amendment Act 2017 mandates that for Maternity Benefit Paid Leave Duration Threshold, requirement is 26 weeks for first two children; 12 weeks for third or subsequent child.","Indian statutory rules ke mutabiq, Maternity Benefit Paid Leave Duration Threshold ke liye mandatory prerequisite threshold kya hai?",statutory_act,True
AUTH-030_E_MIXED_SCRIPT_bn,AUTH-030,E_MIXED_SCRIPT,bn,Maternity Benefit Paid Leave Duration Threshold,TF-12,4,26 weeks for first two children; 12 weeks for third or subsequent child.,"Statutory gazette text for Maternity Benefit Amendment Act 2017 mandates that for Maternity Benefit Paid Leave Duration Threshold, requirement is 26 weeks for first two children; 12 weeks for third or subsequent child.","Indian statutory rules के मुताबिक, Maternity Benefit Paid Leave Duration Threshold के लिए mandatory prerequisite threshold क्या है?",statutory_act,True
AUTH-031_A_EN_hi,AUTH-031,A_EN,hi,Juvenile Justice Heinous Offenses Adult Trial Assessment,TF-12,4,Children between 16 to 18 years of age assessed by Juvenile Justice Board.,"Statutory gazette text for Juvenile Justice Act 2015 mandates that for Juvenile Justice Heinous Offenses Adult Trial Assessment, requirement is Children between 16 to 18 years of age assessed by Juvenile Justice Board.","Under Indian statutory regulations, what specific prerequisite condition, limit, or threshold applies to Juvenile Justice Heinous Offenses Adult Trial Assessment?",statutory_act,True
AUTH-031_B_NATIVE_hi,AUTH-031,B_NATIVE,hi,Juvenile Justice Heinous Offenses Adult Trial Assessment,TF-12,4,Children between 16 to 18 years of age assessed by Juvenile Justice Board.,"Statutory gazette text for Juvenile Justice Act 2015 mandates that for Juvenile Justice Heinous Offenses Adult Trial Assessment, requirement is Children between 16 to 18 years of age assessed by Juvenile Justice Board.","भारतीय वैधानिक नियमों के अनुसार, Juvenile Justice Heinous Offenses Adult Trial Assessment पर क्या विशिष्ट शर्त या सीमा लागू होती है?",statutory_act,True
AUTH-031_C_ROMAN_hi,AUTH-031,C_ROMAN,hi,Juvenile Justice Heinous Offenses Adult Trial Assessment,TF-12,4,Children between 16 to 18 years of age assessed by Juvenile Justice Board.,"Statutory gazette text for Juvenile Justice Act 2015 mandates that for Juvenile Justice Heinous Offenses Adult Trial Assessment, requirement is Children between 16 to 18 years of age assessed by Juvenile Justice Board.","Bharatiya vaaidhanik niyamon ke anusaar, Juvenile Justice Heinous Offenses Adult Trial Assessment par kya vishisht shart laagu hoti hai?",statutory_act,True
AUTH-031_D_CS_hi,AUTH-031,D_CS,hi,Juvenile Justice Heinous Offenses Adult Trial Assessment,TF-12,4,Children between 16 to 18 years of age assessed by Juvenile Justice Board.,"Statutory gazette text for Juvenile Justice Act 2015 mandates that for Juvenile Justice Heinous Offenses Adult Trial Assessment, requirement is Children between 16 to 18 years of age assessed by Juvenile Justice Board.","Indian statutory rules ke mutabiq, Juvenile Justice Heinous Offenses Adult Trial Assessment ke liye mandatory prerequisite threshold kya hai?",statutory_act,True
AUTH-031_E_MIXED_SCRIPT_hi,AUTH-031,E_MIXED_SCRIPT,hi,Juvenile Justice Heinous Offenses Adult Trial Assessment,TF-12,4,Children between 16 to 18 years of age assessed by Juvenile Justice Board.,"Statutory gazette text for Juvenile Justice Act 2015 mandates that for Juvenile Justice Heinous Offenses Adult Trial Assessment, requirement is Children between 16 to 18 years of age assessed by Juvenile Justice Board.","Indian statutory rules के मुताबिक, Juvenile Justice Heinous Offenses Adult Trial Assessment के लिए mandatory prerequisite threshold क्या है?",statutory_act,True
AUTH-032_A_EN_ta,AUTH-032,A_EN,ta,GI Registration Statutory Validity Period,TF-12,3,"10 years from filing date, renewable indefinitely every 10 years.","Statutory gazette text for Geographical Indications Act 1999 mandates that for GI Registration Statutory Validity Period, requirement is 10 years from filing date, renewable indefinitely every 10 years.","Under Indian statutory regulations, what specific prerequisite condition, limit, or threshold applies to GI Registration Statutory Validity Period?",statutory_act,True
AUTH-032_B_NATIVE_ta,AUTH-032,B_NATIVE,ta,GI Registration Statutory Validity Period,TF-12,3,"10 years from filing date, renewable indefinitely every 10 years.","Statutory gazette text for Geographical Indications Act 1999 mandates that for GI Registration Statutory Validity Period, requirement is 10 years from filing date, renewable indefinitely every 10 years.","भारतीय वैधानिक नियमों के अनुसार, GI Registration Statutory Validity Period पर क्या विशिष्ट शर्त या सीमा लागू होती है?",statutory_act,True
AUTH-032_C_ROMAN_ta,AUTH-032,C_ROMAN,ta,GI Registration Statutory Validity Period,TF-12,3,"10 years from filing date, renewable indefinitely every 10 years.","Statutory gazette text for Geographical Indications Act 1999 mandates that for GI Registration Statutory Validity Period, requirement is 10 years from filing date, renewable indefinitely every 10 years.","Bharatiya vaaidhanik niyamon ke anusaar, GI Registration Statutory Validity Period par kya vishisht shart laagu hoti hai?",statutory_act,True
AUTH-032_D_CS_ta,AUTH-032,D_CS,ta,GI Registration Statutory Validity Period,TF-12,3,"10 years from filing date, renewable indefinitely every 10 years.","Statutory gazette text for Geographical Indications Act 1999 mandates that for GI Registration Statutory Validity Period, requirement is 10 years from filing date, renewable indefinitely every 10 years.","Indian statutory rules ke mutabiq, GI Registration Statutory Validity Period ke liye mandatory prerequisite threshold kya hai?",statutory_act,True
AUTH-032_E_MIXED_SCRIPT_ta,AUTH-032,E_MIXED_SCRIPT,ta,GI Registration Statutory Validity Period,TF-12,3,"10 years from filing date, renewable indefinitely every 10 years.","Statutory gazette text for Geographical Indications Act 1999 mandates that for GI Registration Statutory Validity Period, requirement is 10 years from filing date, renewable indefinitely every 10 years.","Indian statutory rules के मुताबिक, GI Registration Statutory Validity Period के लिए mandatory prerequisite threshold क्या है?",statutory_act,True
AUTH-033_A_EN_te,AUTH-033,A_EN,te,Aadhaar Section 33 Court Disclosure Authorization Level,TF-12,4,Order of a court not inferior to a High Court judge.,"Statutory gazette text for Aadhaar Act 2016 mandates that for Aadhaar Section 33 Court Disclosure Authorization Level, requirement is Order of a court not inferior to a High Court judge.","Under Indian statutory regulations, what specific prerequisite condition, limit, or threshold applies to Aadhaar Section 33 Court Disclosure Authorization Level?",statutory_act,True
AUTH-033_B_NATIVE_te,AUTH-033,B_NATIVE,te,Aadhaar Section 33 Court Disclosure Authorization Level,TF-12,4,Order of a court not inferior to a High Court judge.,"Statutory gazette text for Aadhaar Act 2016 mandates that for Aadhaar Section 33 Court Disclosure Authorization Level, requirement is Order of a court not inferior to a High Court judge.","భారతీయ చట్టబద్ధ నిబంధనల ప్రకారం, Aadhaar Section 33 Court Disclosure Authorization Level కి ఏ నిర్దిష్ట షరతు లేదా పరిమితి వర్తిస్తుంది?",statutory_act,True
AUTH-033_C_ROMAN_te,AUTH-033,C_ROMAN,te,Aadhaar Section 33 Court Disclosure Authorization Level,TF-12,4,Order of a court not inferior to a High Court judge.,"Statutory gazette text for Aadhaar Act 2016 mandates that for Aadhaar Section 33 Court Disclosure Authorization Level, requirement is Order of a court not inferior to a High Court judge.","Bharathiya chattabaddha nibandhanala prakaram, Aadhaar Section 33 Court Disclosure Authorization Level ki ae nirdhishta sharathu varthisthundi?",statutory_act,True
AUTH-033_D_CS_te,AUTH-033,D_CS,te,Aadhaar Section 33 Court Disclosure Authorization Level,TF-12,4,Order of a court not inferior to a High Court judge.,"Statutory gazette text for Aadhaar Act 2016 mandates that for Aadhaar Section 33 Court Disclosure Authorization Level, requirement is Order of a court not inferior to a High Court judge.","Indian statutory rules prakaram, Aadhaar Section 33 Court Disclosure Authorization Level kosam apply avve prerequisite limit leda threshold entha?",statutory_act,True
AUTH-033_E_MIXED_SCRIPT_te,AUTH-033,E_MIXED_SCRIPT,te,Aadhaar Section 33 Court Disclosure Authorization Level,TF-12,4,Order of a court not inferior to a High Court judge.,"Statutory gazette text for Aadhaar Act 2016 mandates that for Aadhaar Section 33 Court Disclosure Authorization Level, requirement is Order of a court not inferior to a High Court judge.","Indian statutory rules ప్రకారం, Aadhaar Section 33 Court Disclosure Authorization Level కోసం apply అవ్వే prerequisite limit లేదా threshold ఎంత?",statutory_act,True
AUTH-034_A_EN_kn,AUTH-034,A_EN,kn,CVC Commissioner Statutory Tenure Limit,TF-12,4,"4 years or until attaining the age of 65 years, whichever is earlier.","Statutory gazette text for Central Vigilance Commission Act 2003 mandates that for CVC Commissioner Statutory Tenure Limit, requirement is 4 years or until attaining the age of 65 years, whichever is earlier.","Under Indian statutory regulations, what specific prerequisite condition, limit, or threshold applies to CVC Commissioner Statutory Tenure Limit?",statutory_act,True
AUTH-034_B_NATIVE_kn,AUTH-034,B_NATIVE,kn,CVC Commissioner Statutory Tenure Limit,TF-12,4,"4 years or until attaining the age of 65 years, whichever is earlier.","Statutory gazette text for Central Vigilance Commission Act 2003 mandates that for CVC Commissioner Statutory Tenure Limit, requirement is 4 years or until attaining the age of 65 years, whichever is earlier.","भारतीय वैधानिक नियमों के अनुसार, CVC Commissioner Statutory Tenure Limit पर क्या विशिष्ट शर्त या सीमा लागू होती है?",statutory_act,True
AUTH-034_C_ROMAN_kn,AUTH-034,C_ROMAN,kn,CVC Commissioner Statutory Tenure Limit,TF-12,4,"4 years or until attaining the age of 65 years, whichever is earlier.","Statutory gazette text for Central Vigilance Commission Act 2003 mandates that for CVC Commissioner Statutory Tenure Limit, requirement is 4 years or until attaining the age of 65 years, whichever is earlier.","Bharatiya vaaidhanik niyamon ke anusaar, CVC Commissioner Statutory Tenure Limit par kya vishisht shart laagu hoti hai?",statutory_act,True
AUTH-034_D_CS_kn,AUTH-034,D_CS,kn,CVC Commissioner Statutory Tenure Limit,TF-12,4,"4 years or until attaining the age of 65 years, whichever is earlier.","Statutory gazette text for Central Vigilance Commission Act 2003 mandates that for CVC Commissioner Statutory Tenure Limit, requirement is 4 years or until attaining the age of 65 years, whichever is earlier.","Indian statutory rules ke mutabiq, CVC Commissioner Statutory Tenure Limit ke liye mandatory prerequisite threshold kya hai?",statutory_act,True
AUTH-034_E_MIXED_SCRIPT_kn,AUTH-034,E_MIXED_SCRIPT,kn,CVC Commissioner Statutory Tenure Limit,TF-12,4,"4 years or until attaining the age of 65 years, whichever is earlier.","Statutory gazette text for Central Vigilance Commission Act 2003 mandates that for CVC Commissioner Statutory Tenure Limit, requirement is 4 years or until attaining the age of 65 years, whichever is earlier.","Indian statutory rules के मुताबिक, CVC Commissioner Statutory Tenure Limit के लिए mandatory prerequisite threshold क्या है?",statutory_act,True
AUTH-035_A_EN_bn,AUTH-035,A_EN,bn,Food Safety Improvement Notice Compliance Timeline,TF-12,3,Not less than 14 days as stated in the notice under Section 32.,"Statutory gazette text for FSSAI Food Safety Act 2006 mandates that for Food Safety Improvement Notice Compliance Timeline, requirement is Not less than 14 days as stated in the notice under Section 32.","Under Indian statutory regulations, what specific prerequisite condition, limit, or threshold applies to Food Safety Improvement Notice Compliance Timeline?",statutory_act,True
AUTH-035_B_NATIVE_bn,AUTH-035,B_NATIVE,bn,Food Safety Improvement Notice Compliance Timeline,TF-12,3,Not less than 14 days as stated in the notice under Section 32.,"Statutory gazette text for FSSAI Food Safety Act 2006 mandates that for Food Safety Improvement Notice Compliance Timeline, requirement is Not less than 14 days as stated in the notice under Section 32.","भारतीय वैधानिक नियमों के अनुसार, Food Safety Improvement Notice Compliance Timeline पर क्या विशिष्ट शर्त या सीमा लागू होती है?",statutory_act,True
AUTH-035_C_ROMAN_bn,AUTH-035,C_ROMAN,bn,Food Safety Improvement Notice Compliance Timeline,TF-12,3,Not less than 14 days as stated in the notice under Section 32.,"Statutory gazette text for FSSAI Food Safety Act 2006 mandates that for Food Safety Improvement Notice Compliance Timeline, requirement is Not less than 14 days as stated in the notice under Section 32.","Bharatiya vaaidhanik niyamon ke anusaar, Food Safety Improvement Notice Compliance Timeline par kya vishisht shart laagu hoti hai?",statutory_act,True
AUTH-035_D_CS_bn,AUTH-035,D_CS,bn,Food Safety Improvement Notice Compliance Timeline,TF-12,3,Not less than 14 days as stated in the notice under Section 32.,"Statutory gazette text for FSSAI Food Safety Act 2006 mandates that for Food Safety Improvement Notice Compliance Timeline, requirement is Not less than 14 days as stated in the notice under Section 32.","Indian statutory rules ke mutabiq, Food Safety Improvement Notice Compliance Timeline ke liye mandatory prerequisite threshold kya hai?",statutory_act,True
AUTH-035_E_MIXED_SCRIPT_bn,AUTH-035,E_MIXED_SCRIPT,bn,Food Safety Improvement Notice Compliance Timeline,TF-12,3,Not less than 14 days as stated in the notice under Section 32.,"Statutory gazette text for FSSAI Food Safety Act 2006 mandates that for Food Safety Improvement Notice Compliance Timeline, requirement is Not less than 14 days as stated in the notice under Section 32.","Indian statutory rules के मुताबिक, Food Safety Improvement Notice Compliance Timeline के लिए mandatory prerequisite threshold क्या है?",statutory_act,True
AUTH-036_A_EN_hi,AUTH-036,A_EN,hi,Foreign Contribution Designated Bank Account Mandate,TF-12,4,"Exclusively in the State Bank of India, New Delhi Main Branch.","Statutory gazette text for FCRA 2010 mandates that for Foreign Contribution Designated Bank Account Mandate, requirement is Exclusively in the State Bank of India, New Delhi Main Branch.","Under Indian statutory regulations, what specific prerequisite condition, limit, or threshold applies to Foreign Contribution Designated Bank Account Mandate?",statutory_act,True
AUTH-036_B_NATIVE_hi,AUTH-036,B_NATIVE,hi,Foreign Contribution Designated Bank Account Mandate,TF-12,4,"Exclusively in the State Bank of India, New Delhi Main Branch.","Statutory gazette text for FCRA 2010 mandates that for Foreign Contribution Designated Bank Account Mandate, requirement is Exclusively in the State Bank of India, New Delhi Main Branch.","भारतीय वैधानिक नियमों के अनुसार, Foreign Contribution Designated Bank Account Mandate पर क्या विशिष्ट शर्त या सीमा लागू होती है?",statutory_act,True
AUTH-036_C_ROMAN_hi,AUTH-036,C_ROMAN,hi,Foreign Contribution Designated Bank Account Mandate,TF-12,4,"Exclusively in the State Bank of India, New Delhi Main Branch.","Statutory gazette text for FCRA 2010 mandates that for Foreign Contribution Designated Bank Account Mandate, requirement is Exclusively in the State Bank of India, New Delhi Main Branch.","Bharatiya vaaidhanik niyamon ke anusaar, Foreign Contribution Designated Bank Account Mandate par kya vishisht shart laagu hoti hai?",statutory_act,True
AUTH-036_D_CS_hi,AUTH-036,D_CS,hi,Foreign Contribution Designated Bank Account Mandate,TF-12,4,"Exclusively in the State Bank of India, New Delhi Main Branch.","Statutory gazette text for FCRA 2010 mandates that for Foreign Contribution Designated Bank Account Mandate, requirement is Exclusively in the State Bank of India, New Delhi Main Branch.","Indian statutory rules ke mutabiq, Foreign Contribution Designated Bank Account Mandate ke liye mandatory prerequisite threshold kya hai?",statutory_act,True
AUTH-036_E_MIXED_SCRIPT_hi,AUTH-036,E_MIXED_SCRIPT,hi,Foreign Contribution Designated Bank Account Mandate,TF-12,4,"Exclusively in the State Bank of India, New Delhi Main Branch.","Statutory gazette text for FCRA 2010 mandates that for Foreign Contribution Designated Bank Account Mandate, requirement is Exclusively in the State Bank of India, New Delhi Main Branch.","Indian statutory rules के मुताबिक, Foreign Contribution Designated Bank Account Mandate के लिए mandatory prerequisite threshold क्या है?",statutory_act,True
AUTH-037_A_EN_ta,AUTH-037,A_EN,ta,Right to Fair Compensation Mandatory Solatium Percentage,TF-12,4,100 percent of the total calculated market compensation under Section 30.,"Statutory gazette text for LARR Land Acquisition Act 2013 mandates that for Right to Fair Compensation Mandatory Solatium Percentage, requirement is 100 percent of the total calculated market compensation under Section 30.","Under Indian statutory regulations, what specific prerequisite condition, limit, or threshold applies to Right to Fair Compensation Mandatory Solatium Percentage?",statutory_act,True
AUTH-037_B_NATIVE_ta,AUTH-037,B_NATIVE,ta,Right to Fair Compensation Mandatory Solatium Percentage,TF-12,4,100 percent of the total calculated market compensation under Section 30.,"Statutory gazette text for LARR Land Acquisition Act 2013 mandates that for Right to Fair Compensation Mandatory Solatium Percentage, requirement is 100 percent of the total calculated market compensation under Section 30.","भारतीय वैधानिक नियमों के अनुसार, Right to Fair Compensation Mandatory Solatium Percentage पर क्या विशिष्ट शर्त या सीमा लागू होती है?",statutory_act,True
AUTH-037_C_ROMAN_ta,AUTH-037,C_ROMAN,ta,Right to Fair Compensation Mandatory Solatium Percentage,TF-12,4,100 percent of the total calculated market compensation under Section 30.,"Statutory gazette text for LARR Land Acquisition Act 2013 mandates that for Right to Fair Compensation Mandatory Solatium Percentage, requirement is 100 percent of the total calculated market compensation under Section 30.","Bharatiya vaaidhanik niyamon ke anusaar, Right to Fair Compensation Mandatory Solatium Percentage par kya vishisht shart laagu hoti hai?",statutory_act,True
AUTH-037_D_CS_ta,AUTH-037,D_CS,ta,Right to Fair Compensation Mandatory Solatium Percentage,TF-12,4,100 percent of the total calculated market compensation under Section 30.,"Statutory gazette text for LARR Land Acquisition Act 2013 mandates that for Right to Fair Compensation Mandatory Solatium Percentage, requirement is 100 percent of the total calculated market compensation under Section 30.","Indian statutory rules ke mutabiq, Right to Fair Compensation Mandatory Solatium Percentage ke liye mandatory prerequisite threshold kya hai?",statutory_act,True
AUTH-037_E_MIXED_SCRIPT_ta,AUTH-037,E_MIXED_SCRIPT,ta,Right to Fair Compensation Mandatory Solatium Percentage,TF-12,4,100 percent of the total calculated market compensation under Section 30.,"Statutory gazette text for LARR Land Acquisition Act 2013 mandates that for Right to Fair Compensation Mandatory Solatium Percentage, requirement is 100 percent of the total calculated market compensation under Section 30.","Indian statutory rules के मुताबिक, Right to Fair Compensation Mandatory Solatium Percentage के लिए mandatory prerequisite threshold क्या है?",statutory_act,True
AUTH-038_A_EN_te,AUTH-038,A_EN,te,IT Act Section 69A Interim Emergency Blocking Duration,TF-12,4,48 hours pending Review Committee recommendation.,"Statutory gazette text for Information Technology Act 2000 mandates that for IT Act Section 69A Interim Emergency Blocking Duration, requirement is 48 hours pending Review Committee recommendation.","Under Indian statutory regulations, what specific prerequisite condition, limit, or threshold applies to IT Act Section 69A Interim Emergency Blocking Duration?",statutory_act,True
AUTH-038_B_NATIVE_te,AUTH-038,B_NATIVE,te,IT Act Section 69A Interim Emergency Blocking Duration,TF-12,4,48 hours pending Review Committee recommendation.,"Statutory gazette text for Information Technology Act 2000 mandates that for IT Act Section 69A Interim Emergency Blocking Duration, requirement is 48 hours pending Review Committee recommendation.","భారతీయ చట్టబద్ధ నిబంధనల ప్రకారం, IT Act Section 69A Interim Emergency Blocking Duration కి ఏ నిర్దిష్ట షరతు లేదా పరిమితి వర్తిస్తుంది?",statutory_act,True
AUTH-038_C_ROMAN_te,AUTH-038,C_ROMAN,te,IT Act Section 69A Interim Emergency Blocking Duration,TF-12,4,48 hours pending Review Committee recommendation.,"Statutory gazette text for Information Technology Act 2000 mandates that for IT Act Section 69A Interim Emergency Blocking Duration, requirement is 48 hours pending Review Committee recommendation.","Bharathiya chattabaddha nibandhanala prakaram, IT Act Section 69A Interim Emergency Blocking Duration ki ae nirdhishta sharathu varthisthundi?",statutory_act,True
AUTH-038_D_CS_te,AUTH-038,D_CS,te,IT Act Section 69A Interim Emergency Blocking Duration,TF-12,4,48 hours pending Review Committee recommendation.,"Statutory gazette text for Information Technology Act 2000 mandates that for IT Act Section 69A Interim Emergency Blocking Duration, requirement is 48 hours pending Review Committee recommendation.","Indian statutory rules prakaram, IT Act Section 69A Interim Emergency Blocking Duration kosam apply avve prerequisite limit leda threshold entha?",statutory_act,True
AUTH-038_E_MIXED_SCRIPT_te,AUTH-038,E_MIXED_SCRIPT,te,IT Act Section 69A Interim Emergency Blocking Duration,TF-12,4,48 hours pending Review Committee recommendation.,"Statutory gazette text for Information Technology Act 2000 mandates that for IT Act Section 69A Interim Emergency Blocking Duration, requirement is 48 hours pending Review Committee recommendation.","Indian statutory rules ప్రకారం, IT Act Section 69A Interim Emergency Blocking Duration కోసం apply అవ్వే prerequisite limit లేదా threshold ఎంత?",statutory_act,True
AUTH-039_A_EN_kn,AUTH-039,A_EN,kn,Pre-Packaged Insolvency Minimum Default Threshold,TF-12,4,"10 lakh rupees default by micro, small or medium enterprises.","Statutory gazette text for IBC 2016 Pre-Packaged Insolvency mandates that for Pre-Packaged Insolvency Minimum Default Threshold, requirement is 10 lakh rupees default by micro, small or medium enterprises.","Under Indian statutory regulations, what specific prerequisite condition, limit, or threshold applies to Pre-Packaged Insolvency Minimum Default Threshold?",statutory_act,True
AUTH-039_B_NATIVE_kn,AUTH-039,B_NATIVE,kn,Pre-Packaged Insolvency Minimum Default Threshold,TF-12,4,"10 lakh rupees default by micro, small or medium enterprises.","Statutory gazette text for IBC 2016 Pre-Packaged Insolvency mandates that for Pre-Packaged Insolvency Minimum Default Threshold, requirement is 10 lakh rupees default by micro, small or medium enterprises.","भारतीय वैधानिक नियमों के अनुसार, Pre-Packaged Insolvency Minimum Default Threshold पर क्या विशिष्ट शर्त या सीमा लागू होती है?",statutory_act,True
AUTH-039_C_ROMAN_kn,AUTH-039,C_ROMAN,kn,Pre-Packaged Insolvency Minimum Default Threshold,TF-12,4,"10 lakh rupees default by micro, small or medium enterprises.","Statutory gazette text for IBC 2016 Pre-Packaged Insolvency mandates that for Pre-Packaged Insolvency Minimum Default Threshold, requirement is 10 lakh rupees default by micro, small or medium enterprises.","Bharatiya vaaidhanik niyamon ke anusaar, Pre-Packaged Insolvency Minimum Default Threshold par kya vishisht shart laagu hoti hai?",statutory_act,True
AUTH-039_D_CS_kn,AUTH-039,D_CS,kn,Pre-Packaged Insolvency Minimum Default Threshold,TF-12,4,"10 lakh rupees default by micro, small or medium enterprises.","Statutory gazette text for IBC 2016 Pre-Packaged Insolvency mandates that for Pre-Packaged Insolvency Minimum Default Threshold, requirement is 10 lakh rupees default by micro, small or medium enterprises.","Indian statutory rules ke mutabiq, Pre-Packaged Insolvency Minimum Default Threshold ke liye mandatory prerequisite threshold kya hai?",statutory_act,True
AUTH-039_E_MIXED_SCRIPT_kn,AUTH-039,E_MIXED_SCRIPT,kn,Pre-Packaged Insolvency Minimum Default Threshold,TF-12,4,"10 lakh rupees default by micro, small or medium enterprises.","Statutory gazette text for IBC 2016 Pre-Packaged Insolvency mandates that for Pre-Packaged Insolvency Minimum Default Threshold, requirement is 10 lakh rupees default by micro, small or medium enterprises.","Indian statutory rules के मुताबिक, Pre-Packaged Insolvency Minimum Default Threshold के लिए mandatory prerequisite threshold क्या है?",statutory_act,True
AUTH-040_A_EN_bn,AUTH-040,A_EN,bn,AYUSH Prior Approval Exemption Status,TF-12,4,Exempts registered AYUSH practitioners and codified traditional knowledge holders.,"Statutory gazette text for Biological Diversity Amendment Act 2023 mandates that for AYUSH Prior Approval Exemption Status, requirement is Exempts registered AYUSH practitioners and codified traditional knowledge holders.","Under Indian statutory regulations, what specific prerequisite condition, limit, or threshold applies to AYUSH Prior Approval Exemption Status?",statutory_act,True
AUTH-040_B_NATIVE_bn,AUTH-040,B_NATIVE,bn,AYUSH Prior Approval Exemption Status,TF-12,4,Exempts registered AYUSH practitioners and codified traditional knowledge holders.,"Statutory gazette text for Biological Diversity Amendment Act 2023 mandates that for AYUSH Prior Approval Exemption Status, requirement is Exempts registered AYUSH practitioners and codified traditional knowledge holders.","भारतीय वैधानिक नियमों के अनुसार, AYUSH Prior Approval Exemption Status पर क्या विशिष्ट शर्त या सीमा लागू होती है?",statutory_act,True
AUTH-040_C_ROMAN_bn,AUTH-040,C_ROMAN,bn,AYUSH Prior Approval Exemption Status,TF-12,4,Exempts registered AYUSH practitioners and codified traditional knowledge holders.,"Statutory gazette text for Biological Diversity Amendment Act 2023 mandates that for AYUSH Prior Approval Exemption Status, requirement is Exempts registered AYUSH practitioners and codified traditional knowledge holders.","Bharatiya vaaidhanik niyamon ke anusaar, AYUSH Prior Approval Exemption Status par kya vishisht shart laagu hoti hai?",statutory_act,True
AUTH-040_D_CS_bn,AUTH-040,D_CS,bn,AYUSH Prior Approval Exemption Status,TF-12,4,Exempts registered AYUSH practitioners and codified traditional knowledge holders.,"Statutory gazette text for Biological Diversity Amendment Act 2023 mandates that for AYUSH Prior Approval Exemption Status, requirement is Exempts registered AYUSH practitioners and codified traditional knowledge holders.","Indian statutory rules ke mutabiq, AYUSH Prior Approval Exemption Status ke liye mandatory prerequisite threshold kya hai?",statutory_act,True
AUTH-040_E_MIXED_SCRIPT_bn,AUTH-040,E_MIXED_SCRIPT,bn,AYUSH Prior Approval Exemption Status,TF-12,4,Exempts registered AYUSH practitioners and codified traditional knowledge holders.,"Statutory gazette text for Biological Diversity Amendment Act 2023 mandates that for AYUSH Prior Approval Exemption Status, requirement is Exempts registered AYUSH practitioners and codified traditional knowledge holders.","Indian statutory rules के मुताबिक, AYUSH Prior Approval Exemption Status के लिए mandatory prerequisite threshold क्या है?",statutory_act,True
AUTH-041_A_EN_hi,AUTH-041,A_EN,hi,Consumer Protection Act 1986 vs 2019 Key Difference,TF-11,4,2019 Act introduces Central Consumer Protection Authority (CCPA) and mediation.,"Statutory gazette text for Consumer Act 1986 vs 2019 mandates that for Consumer Protection Act 1986 vs 2019 Key Difference, requirement is 2019 Act introduces Central Consumer Protection Authority (CCPA) and mediation.","Under Indian statutory regulations, what specific prerequisite condition, limit, or threshold applies to Consumer Protection Act 1986 vs 2019 Key Difference?",statutory_act,True
AUTH-041_B_NATIVE_hi,AUTH-041,B_NATIVE,hi,Consumer Protection Act 1986 vs 2019 Key Difference,TF-11,4,2019 Act introduces Central Consumer Protection Authority (CCPA) and mediation.,"Statutory gazette text for Consumer Act 1986 vs 2019 mandates that for Consumer Protection Act 1986 vs 2019 Key Difference, requirement is 2019 Act introduces Central Consumer Protection Authority (CCPA) and mediation.","भारतीय वैधानिक नियमों के अनुसार, Consumer Protection Act 1986 vs 2019 Key Difference पर क्या विशिष्ट शर्त या सीमा लागू होती है?",statutory_act,True
AUTH-041_C_ROMAN_hi,AUTH-041,C_ROMAN,hi,Consumer Protection Act 1986 vs 2019 Key Difference,TF-11,4,2019 Act introduces Central Consumer Protection Authority (CCPA) and mediation.,"Statutory gazette text for Consumer Act 1986 vs 2019 mandates that for Consumer Protection Act 1986 vs 2019 Key Difference, requirement is 2019 Act introduces Central Consumer Protection Authority (CCPA) and mediation.","Bharatiya vaaidhanik niyamon ke anusaar, Consumer Protection Act 1986 vs 2019 Key Difference par kya vishisht shart laagu hoti hai?",statutory_act,True
AUTH-041_D_CS_hi,AUTH-041,D_CS,hi,Consumer Protection Act 1986 vs 2019 Key Difference,TF-11,4,2019 Act introduces Central Consumer Protection Authority (CCPA) and mediation.,"Statutory gazette text for Consumer Act 1986 vs 2019 mandates that for Consumer Protection Act 1986 vs 2019 Key Difference, requirement is 2019 Act introduces Central Consumer Protection Authority (CCPA) and mediation.","Indian statutory rules ke mutabiq, Consumer Protection Act 1986 vs 2019 Key Difference ke liye mandatory prerequisite threshold kya hai?",statutory_act,True
AUTH-041_E_MIXED_SCRIPT_hi,AUTH-041,E_MIXED_SCRIPT,hi,Consumer Protection Act 1986 vs 2019 Key Difference,TF-11,4,2019 Act introduces Central Consumer Protection Authority (CCPA) and mediation.,"Statutory gazette text for Consumer Act 1986 vs 2019 mandates that for Consumer Protection Act 1986 vs 2019 Key Difference, requirement is 2019 Act introduces Central Consumer Protection Authority (CCPA) and mediation.","Indian statutory rules के मुताबिक, Consumer Protection Act 1986 vs 2019 Key Difference के लिए mandatory prerequisite threshold क्या है?",statutory_act,True
AUTH-042_A_EN_ta,AUTH-042,A_EN,ta,Forest Conservation Act 1980 vs Indian Forest Act 1927,TF-11,4,IFA empowers state forest declaration; FCA requires mandatory Central approval.,"Statutory gazette text for FCA 1980 vs IFA 1927 mandates that for Forest Conservation Act 1980 vs Indian Forest Act 1927, requirement is IFA empowers state forest declaration; FCA requires mandatory Central approval.","Under Indian statutory regulations, what specific prerequisite condition, limit, or threshold applies to Forest Conservation Act 1980 vs Indian Forest Act 1927?",statutory_act,True
AUTH-042_B_NATIVE_ta,AUTH-042,B_NATIVE,ta,Forest Conservation Act 1980 vs Indian Forest Act 1927,TF-11,4,IFA empowers state forest declaration; FCA requires mandatory Central approval.,"Statutory gazette text for FCA 1980 vs IFA 1927 mandates that for Forest Conservation Act 1980 vs Indian Forest Act 1927, requirement is IFA empowers state forest declaration; FCA requires mandatory Central approval.","भारतीय वैधानिक नियमों के अनुसार, Forest Conservation Act 1980 vs Indian Forest Act 1927 पर क्या विशिष्ट शर्त या सीमा लागू होती है?",statutory_act,True
AUTH-042_C_ROMAN_ta,AUTH-042,C_ROMAN,ta,Forest Conservation Act 1980 vs Indian Forest Act 1927,TF-11,4,IFA empowers state forest declaration; FCA requires mandatory Central approval.,"Statutory gazette text for FCA 1980 vs IFA 1927 mandates that for Forest Conservation Act 1980 vs Indian Forest Act 1927, requirement is IFA empowers state forest declaration; FCA requires mandatory Central approval.","Bharatiya vaaidhanik niyamon ke anusaar, Forest Conservation Act 1980 vs Indian Forest Act 1927 par kya vishisht shart laagu hoti hai?",statutory_act,True
AUTH-042_D_CS_ta,AUTH-042,D_CS,ta,Forest Conservation Act 1980 vs Indian Forest Act 1927,TF-11,4,IFA empowers state forest declaration; FCA requires mandatory Central approval.,"Statutory gazette text for FCA 1980 vs IFA 1927 mandates that for Forest Conservation Act 1980 vs Indian Forest Act 1927, requirement is IFA empowers state forest declaration; FCA requires mandatory Central approval.","Indian statutory rules ke mutabiq, Forest Conservation Act 1980 vs Indian Forest Act 1927 ke liye mandatory prerequisite threshold kya hai?",statutory_act,True
AUTH-042_E_MIXED_SCRIPT_ta,AUTH-042,E_MIXED_SCRIPT,ta,Forest Conservation Act 1980 vs Indian Forest Act 1927,TF-11,4,IFA empowers state forest declaration; FCA requires mandatory Central approval.,"Statutory gazette text for FCA 1980 vs IFA 1927 mandates that for Forest Conservation Act 1980 vs Indian Forest Act 1927, requirement is IFA empowers state forest declaration; FCA requires mandatory Central approval.","Indian statutory rules के मुताबिक, Forest Conservation Act 1980 vs Indian Forest Act 1927 के लिए mandatory prerequisite threshold क्या है?",statutory_act,True
AUTH-043_A_EN_te,AUTH-043,A_EN,te,RERA vs IBC Homebuyer Default Recourse Distinction,TF-11,4,RERA orders project refund or completion; IBC triggers corporate insolvency resolution.,"Statutory gazette text for RERA vs IBC Real Estate Recourse mandates that for RERA vs IBC Homebuyer Default Recourse Distinction, requirement is RERA orders project refund or completion; IBC triggers corporate insolvency resolution.","Under Indian statutory regulations, what specific prerequisite condition, limit, or threshold applies to RERA vs IBC Homebuyer Default Recourse Distinction?",statutory_act,True
AUTH-043_B_NATIVE_te,AUTH-043,B_NATIVE,te,RERA vs IBC Homebuyer Default Recourse Distinction,TF-11,4,RERA orders project refund or completion; IBC triggers corporate insolvency resolution.,"Statutory gazette text for RERA vs IBC Real Estate Recourse mandates that for RERA vs IBC Homebuyer Default Recourse Distinction, requirement is RERA orders project refund or completion; IBC triggers corporate insolvency resolution.","భారతీయ చట్టబద్ధ నిబంధనల ప్రకారం, RERA vs IBC Homebuyer Default Recourse Distinction కి ఏ నిర్దిష్ట షరతు లేదా పరిమితి వర్తిస్తుంది?",statutory_act,True
AUTH-043_C_ROMAN_te,AUTH-043,C_ROMAN,te,RERA vs IBC Homebuyer Default Recourse Distinction,TF-11,4,RERA orders project refund or completion; IBC triggers corporate insolvency resolution.,"Statutory gazette text for RERA vs IBC Real Estate Recourse mandates that for RERA vs IBC Homebuyer Default Recourse Distinction, requirement is RERA orders project refund or completion; IBC triggers corporate insolvency resolution.","Bharathiya chattabaddha nibandhanala prakaram, RERA vs IBC Homebuyer Default Recourse Distinction ki ae nirdhishta sharathu varthisthundi?",statutory_act,True
AUTH-043_D_CS_te,AUTH-043,D_CS,te,RERA vs IBC Homebuyer Default Recourse Distinction,TF-11,4,RERA orders project refund or completion; IBC triggers corporate insolvency resolution.,"Statutory gazette text for RERA vs IBC Real Estate Recourse mandates that for RERA vs IBC Homebuyer Default Recourse Distinction, requirement is RERA orders project refund or completion; IBC triggers corporate insolvency resolution.","Indian statutory rules prakaram, RERA vs IBC Homebuyer Default Recourse Distinction kosam apply avve prerequisite limit leda threshold entha?",statutory_act,True
AUTH-043_E_MIXED_SCRIPT_te,AUTH-043,E_MIXED_SCRIPT,te,RERA vs IBC Homebuyer Default Recourse Distinction,TF-11,4,RERA orders project refund or completion; IBC triggers corporate insolvency resolution.,"Statutory gazette text for RERA vs IBC Real Estate Recourse mandates that for RERA vs IBC Homebuyer Default Recourse Distinction, requirement is RERA orders project refund or completion; IBC triggers corporate insolvency resolution.","Indian statutory rules ప్రకారం, RERA vs IBC Homebuyer Default Recourse Distinction కోసం apply అవ్వే prerequisite limit లేదా threshold ఎంత?",statutory_act,True
AUTH-044_A_EN_kn,AUTH-044,A_EN,kn,Employees Provident Fund vs Public Provident Fund,TF-11,3,EPF requires formal employment employer-match; PPF is voluntary 15-year account.,"Statutory gazette text for EPF vs PPF Investment Structure mandates that for Employees Provident Fund vs Public Provident Fund, requirement is EPF requires formal employment employer-match; PPF is voluntary 15-year account.","Under Indian statutory regulations, what specific prerequisite condition, limit, or threshold applies to Employees Provident Fund vs Public Provident Fund?",statutory_act,True
AUTH-044_B_NATIVE_kn,AUTH-044,B_NATIVE,kn,Employees Provident Fund vs Public Provident Fund,TF-11,3,EPF requires formal employment employer-match; PPF is voluntary 15-year account.,"Statutory gazette text for EPF vs PPF Investment Structure mandates that for Employees Provident Fund vs Public Provident Fund, requirement is EPF requires formal employment employer-match; PPF is voluntary 15-year account.","भारतीय वैधानिक नियमों के अनुसार, Employees Provident Fund vs Public Provident Fund पर क्या विशिष्ट शर्त या सीमा लागू होती है?",statutory_act,True
AUTH-044_C_ROMAN_kn,AUTH-044,C_ROMAN,kn,Employees Provident Fund vs Public Provident Fund,TF-11,3,EPF requires formal employment employer-match; PPF is voluntary 15-year account.,"Statutory gazette text for EPF vs PPF Investment Structure mandates that for Employees Provident Fund vs Public Provident Fund, requirement is EPF requires formal employment employer-match; PPF is voluntary 15-year account.","Bharatiya vaaidhanik niyamon ke anusaar, Employees Provident Fund vs Public Provident Fund par kya vishisht shart laagu hoti hai?",statutory_act,True
AUTH-044_D_CS_kn,AUTH-044,D_CS,kn,Employees Provident Fund vs Public Provident Fund,TF-11,3,EPF requires formal employment employer-match; PPF is voluntary 15-year account.,"Statutory gazette text for EPF vs PPF Investment Structure mandates that for Employees Provident Fund vs Public Provident Fund, requirement is EPF requires formal employment employer-match; PPF is voluntary 15-year account.","Indian statutory rules ke mutabiq, Employees Provident Fund vs Public Provident Fund ke liye mandatory prerequisite threshold kya hai?",statutory_act,True
AUTH-044_E_MIXED_SCRIPT_kn,AUTH-044,E_MIXED_SCRIPT,kn,Employees Provident Fund vs Public Provident Fund,TF-11,3,EPF requires formal employment employer-match; PPF is voluntary 15-year account.,"Statutory gazette text for EPF vs PPF Investment Structure mandates that for Employees Provident Fund vs Public Provident Fund, requirement is EPF requires formal employment employer-match; PPF is voluntary 15-year account.","Indian statutory rules के मुताबिक, Employees Provident Fund vs Public Provident Fund के लिए mandatory prerequisite threshold क्या है?",statutory_act,True
AUTH-045_A_EN_bn,AUTH-045,A_EN,bn,Telecom Regulatory Authority TRAI vs Telecom Tribunal TDSAT,TF-11,4,TRAI issues policy regulations and tariffs; TDSAT adjudicates telecom disputes.,"Statutory gazette text for TRAI vs TDSAT Regulatory Scope mandates that for Telecom Regulatory Authority TRAI vs Telecom Tribunal TDSAT, requirement is TRAI issues policy regulations and tariffs; TDSAT adjudicates telecom disputes.","Under Indian statutory regulations, what specific prerequisite condition, limit, or threshold applies to Telecom Regulatory Authority TRAI vs Telecom Tribunal TDSAT?",statutory_act,True
AUTH-045_B_NATIVE_bn,AUTH-045,B_NATIVE,bn,Telecom Regulatory Authority TRAI vs Telecom Tribunal TDSAT,TF-11,4,TRAI issues policy regulations and tariffs; TDSAT adjudicates telecom disputes.,"Statutory gazette text for TRAI vs TDSAT Regulatory Scope mandates that for Telecom Regulatory Authority TRAI vs Telecom Tribunal TDSAT, requirement is TRAI issues policy regulations and tariffs; TDSAT adjudicates telecom disputes.","भारतीय वैधानिक नियमों के अनुसार, Telecom Regulatory Authority TRAI vs Telecom Tribunal TDSAT पर क्या विशिष्ट शर्त या सीमा लागू होती है?",statutory_act,True
AUTH-045_C_ROMAN_bn,AUTH-045,C_ROMAN,bn,Telecom Regulatory Authority TRAI vs Telecom Tribunal TDSAT,TF-11,4,TRAI issues policy regulations and tariffs; TDSAT adjudicates telecom disputes.,"Statutory gazette text for TRAI vs TDSAT Regulatory Scope mandates that for Telecom Regulatory Authority TRAI vs Telecom Tribunal TDSAT, requirement is TRAI issues policy regulations and tariffs; TDSAT adjudicates telecom disputes.","Bharatiya vaaidhanik niyamon ke anusaar, Telecom Regulatory Authority TRAI vs Telecom Tribunal TDSAT par kya vishisht shart laagu hoti hai?",statutory_act,True
AUTH-045_D_CS_bn,AUTH-045,D_CS,bn,Telecom Regulatory Authority TRAI vs Telecom Tribunal TDSAT,TF-11,4,TRAI issues policy regulations and tariffs; TDSAT adjudicates telecom disputes.,"Statutory gazette text for TRAI vs TDSAT Regulatory Scope mandates that for Telecom Regulatory Authority TRAI vs Telecom Tribunal TDSAT, requirement is TRAI issues policy regulations and tariffs; TDSAT adjudicates telecom disputes.","Indian statutory rules ke mutabiq, Telecom Regulatory Authority TRAI vs Telecom Tribunal TDSAT ke liye mandatory prerequisite threshold kya hai?",statutory_act,True
AUTH-045_E_MIXED_SCRIPT_bn,AUTH-045,E_MIXED_SCRIPT,bn,Telecom Regulatory Authority TRAI vs Telecom Tribunal TDSAT,TF-11,4,TRAI issues policy regulations and tariffs; TDSAT adjudicates telecom disputes.,"Statutory gazette text for TRAI vs TDSAT Regulatory Scope mandates that for Telecom Regulatory Authority TRAI vs Telecom Tribunal TDSAT, requirement is TRAI issues policy regulations and tariffs; TDSAT adjudicates telecom disputes.","Indian statutory rules के मुताबिक, Telecom Regulatory Authority TRAI vs Telecom Tribunal TDSAT के लिए mandatory prerequisite threshold क्या है?",statutory_act,True
